word,rank,count,isCommon
endophytes,2.0,15,False
vitro,2.0,3,False
xin,0.5,6,False
2009a,0.5,4,False
previous,1.0,4,False
studies,1.0,8,False
have,1.0,4,False
shown,1.0,6,False
that,1.0,1,True
plant,2.0,18,False
associated,2.0,1,False
endophytic,2.0,1,False
rhizospheric,2.0,1,False
burkholderia,1.0,9,False
species,0.8571428571428572,7,False
can,1.0,2,False
degrade,1.0,1,False
toxic,1.0,1,False
compounds,2.0,6,False
promote,1.0,1,False
growth,1.96,25,False
fix,1.0,1,False
atmospheric,1.0,1,False
and,1.0,1,True
inhibit,1.0,4,False
the,1.0,1,True
pathogenic,1.0,1,False
fungi,1.0,2,False
oomycetes,1.0,2,False
perin,1.0,1,False
2006,0.8,5,False
suárez-moreno,1.0,1,False
2012,1.0,2,False
mitter,1.0,1,False
2013,1.0,2,False
bernabeu,1.0,2,False
2015,1.0,5,False
furthermore,1.0,5,False
bio-control,1.0,1,False
strains,1.0,34,False
bacteria,1.0,2,False
release,1.0,1,False
different,1.0,9,False
metabolic,1.0,1,False
including,1.0,3,False
antibiotics,1.0,1,False
lytic,1.0,1,False
enzymes,1.0,1,False
effective,1.0,1,False
inhibition,2.0,7,False
phytopathogenic,1.0,1,False
compant,1.0,1,False
2005,1.0,4,False
gagne-bourgue,1.0,1,False
pageni,1.0,1,False
2014,1.0,6,False
more,1.0,5,False
recent,1.0,1,False
suggested,1.0,1,False
potential,1.0,4,False
application,1.0,1,False
agriculture,1.0,1,False
for,1.0,33,False
promotion,1.0,1,False
biological,1.0,1,False
disease,1.0,1,False
control,2.0,6,False
govindarajan,1.0,1,False
2008,1.0,7,False
mattos,1.0,1,False
paungfoo-lonhienne,1.0,1,False
order,1.0,1,False
fully,1.0,1,False
characterize,1.0,1,False
isolates,1.0,2,False
tested,1.0,4,False
anti-fungal,1.0,2,False
other,1.0,5,False
promoting,2.0,10,False
abilities,1.0,1,False
materials,0.5,2,False
methods,1.0,1,False
endophyte,1.7777777777777777,9,False
except,1.0,1,False
pd1,0.7857142857142856,14,False
were,1.0,37,False
isolated,1.0,3,False
from,1.0,10,False
poplar,1.0,10,False
willow,1.0,4,False
plants,1.0,3,False
collected,1.0,1,False
three,1.0,2,False
forks,1.0,1,False
natural,1.0,1,False
area,1.0,2,False
king,1.0,1,False
county,1.0,1,False
riparian,1.0,1,False
zone,1.0,1,False
snoqualmie,1.0,1,False
river,1.0,1,False
47°,1.0,1,False
31′,1.0,1,False
30″,1.0,1,False
121°,1.0,1,False
46′,1.0,1,False
32″,1.0,1,False
samples,1.0,7,False
surface-sterilized,1.0,1,False
with,1.0,17,False
10%,1.0,1,False
bleach,1.0,1,False
min,1.0,6,False
iodophor,1.0,1,False
rinsed,1.0,1,False
times,1.0,1,False
sterile,1.0,2,False
deionized,1.0,1,False
water,1.0,2,False
thirteen,1.0,1,False
out,1.0,1,False
total,1.0,1,False
number,1.0,1,False
had,1.0,5,False
antagonistic,2.0,7,False
activities,0.875,8,False
against,2.0,4,False
least,1.0,2,False
one,1.0,2,False
pathogen,2.0,1,False
two,1.0,1,False
ww7,1.0,3,False
characterized,1.0,2,False
doty,1.0,1,False
2009,1.0,8,False
khan,1.0,1,False
remaining,1.0,1,False
this,1.0,1,True
study,1.0,3,False
addition,1.0,4,False
having,1.0,1,False
further,1.0,4,False
studied,1.0,1,False
traits,1.0,1,False
phosphate,2.0,4,False
solubilization,2.0,5,False
siderophore,1.0,4,False
production,1.0,16,False
bnf,1.0,4,False
iaa,2.0,14,False
apg,0.0,1,False
plt,0.6666666666666666,3,False
prnaplant,0.0,1,False
cyclic,0.875,8,False
lipopetide,0.5,2,False
stem,1.0,3,False
buff,1.0,3,False
ofn,1.0,2,False
orb,2.0,4,False
hcn,1.6,10,False
kf597276,1.0,2,False
494,1.0,1,False
curtobacterium,1.0,2,False
pale,1.0,2,False
yellow,1.0,3,False
ku523564,1.0,1,False
926,1.0,1,False
pseudomonas,0.75,4,False
putida,0.6666666666666666,3,False
kf443801,1.0,1,False
496,1.0,1,False
2-79,0.8333333333333334,6,False
fluorescens,1.0,7,False
soil,1.0,2,False
bright,1.0,1,False
clp,1.0,7,False
phz,1.0,2,False
q8r1-96,1.0,1,False
brassicacearum,1.0,1,False
dapg,1.0,2,False
prn,2.0,2,False
open,1.0,10,False
separate,1.0,10,False
window,1.0,10,False
aplant,1.0,1,False
determined,1.0,5,False
using,1.0,1,True
drop,1.0,5,False
collapse,1.0,5,False
assay,1.0,7,False
indole,1.0,1,False
acetic,1.0,1,False
acid,1.0,8,False
yem,1.0,1,False
medium,1.0,4,False
plus,1.0,1,False
l-trpytophan,1.0,1,False
salkowski,1.0,1,False
reagent,1.0,2,False
gene,2.0,20,False
clusters,1.0,2,False
antifungal,1.0,3,False
metabolites,1.0,1,False
occidiofungin,1.0,1,False
ornibactin,2.0,2,False
hydrogen,1.0,5,False
cyanide,1.0,5,False
diacetylphloroglucinol,1.0,1,False
phenazine,1.0,1,False
pyoluteorin,1.0,1,False
pyrrolnitrin,1.0,1,False
loci,1.0,1,False
pcr,2.0,23,False
orange,1.0,1,False
halo,1.0,2,False
cas,1.0,1,False
nitrogenase,1.0,13,False
activity,1.0,4,False
acetylene,1.0,1,False
reduction,1.0,1,False
fungal,1.0,6,False
bacterial,1.0,1,False
controls,1.0,1,False
media,1.0,3,False
rhizoctonia,1.0,1,False
solani,1.0,7,False
ag-8,1.0,6,False
isolate,1.0,4,False
weller,1.0,1,False
1986,1.0,1,False
culmorum,1.0,4,False
70110023,1.0,1,False
oat,1.0,1,False
grain,1.0,1,False
cultured,1.0,2,False
potato,1.0,1,False
dextrose,1.0,1,False
agar,1.0,4,False
gaeumannomyces,1.0,1,False
graminis,1.0,3,False
var,1.0,1,False
tritici,1.0,1,False
ggt,1.0,8,False
ars-a1,1.0,1,False
kwak,1.0,1,False
was,1.0,1,True
maintained,1.0,1,False
ultimum,1.0,4,False
217,1.0,1,False
chickpea,1.0,1,False
field,1.0,1,False
spillman,1.0,1,False
farm,1.0,1,False
pullman,1.0,1,False
washington,1.0,7,False
sucrose,1.0,1,False
difco,1.0,1,False
yeast,1.0,3,False
extract,1.0,1,False
per,1.0,1,False
liter,1.0,1,False
only,1.0,2,False
positive,0.9090909090909092,11,False
used,1.0,5,False
test,1.0,2,False
properties,1.0,2,False
investigated,1.0,2,False
molecular,1.0,2,False
mechanisms,1.0,2,False
through,1.0,1,True
genome,1.0,8,False
analyses,1.0,2,False
cases,1.0,2,False
where,1.0,1,True
been,1.0,6,False
sequenced,2.0,7,False
lipopeptide,2.0,4,False
surfactant,1.0,6,False
assessed,1.0,2,False
transferring,1.0,2,False
16–18-h,1.0,2,False
non-diluted,1.0,4,False
broth,1.0,2,False
culture,1.0,7,False
onto,1.0,2,False
hydrophobic,1.0,2,False
surface,1.0,2,False
such,1.0,2,False
parafilm,1.0,4,False
bruijn,1.0,2,False
raaijmakers,1.0,2,False
supernatants,1.0,6,False
obtained,1.0,2,False
centrifugation,1.0,2,False
000,1.0,2,False
dilutions,1.0,4,False
also,1.0,7,False
530,0.0,1,False
observed,0.8333333333333334,6,False
analyzed,0.8571428571428572,7,False
deluca,1.0,6,False
biogeochemistry,1.0,6,False
lab,1.0,6,False
university,1.0,6,False
seattle,1.0,6,False
analysis,0.7777777777777778,9,False
subunit,2.0,13,False
nifh,2.0,36,False
amplified,1.0,8,False
universal,1.0,8,False
nifh-b1,1.0,7,False
bürgmann,1.0,8,False
2004,1.0,8,False
poly,1.0,6,False
2001,1.0,6,False
primers,1.0,11,False
colony,1.25,8,False
performed,0.8571428571428572,7,False
same,1.0,1,True
way,1.0,7,False
described,1.0,6,False
below,1.0,6,False
taq,0.5,2,False
dna,0.6666666666666666,3,False
polymerase,0.5,2,False
new,0.5,2,False
england,0.5,2,False
biolab,0.0,1,False
reactions,1.0,1,False
consisted,1.0,1,False
template,1.0,1,False
premix,1.0,1,False
buffer,1.0,1,False
epicentre,1.0,1,False
madison,1.0,1,False
each,1.0,1,False
primer,1.0,3,False
μl−1,1.0,1,False
biolabs,1.0,1,False
inc,1.0,3,False
ipswich,1.0,1,False
products,2.0,4,False
incubated,1.0,1,False
exosap,1.0,3,False
cleanup,1.0,1,False
affymetrix,1.0,1,False
cleveland,1.0,1,False
37°c,1.0,1,False
followed,1.0,1,False
80°c,1.0,1,False
p100,1.0,1,False
thermal,1.0,1,False
cycler,1.0,1,False
bio-rad,1.0,1,False
hercules,1.0,1,False
cleaned,1.0,2,False
16s,1.0,3,False
rrna,1.0,4,False
sanger,1.0,2,False
sequencing,1.0,2,False
approach,2.0,2,False
genewiz,1.0,2,False
south,1.0,2,False
plainfield,1.0,2,False
strain,0.8999999999999999,10,False
4-3-1,0.875,8,False
region,1.0,1,False
large,1.0,1,False
26s,1.0,2,False
f63,1.0,1,False
5′-gcatatcaataagcggaggaaaag-3′,1.0,1,False
lr3,1.0,1,False
5′-cgtccgtgtttcaagacgg-3′,1.0,1,False
mentioned,1.0,1,False
above,1.0,1,False
sequences,1.0,1,False
all,1.0,5,False
deposited,1.0,1,False
genbank,1.0,1,False
ncbi,1.0,1,False
database,1.0,1,False
under,1.0,3,False
accession,1.0,1,False
numbers,1.0,1,False
kf597274,1.0,1,False
kf597275,1.0,1,False
ku495920,1.0,1,False
ku500894,1.0,1,False
ku500893,1.0,1,False
ku550576,1.0,1,False
ku500895,1.0,1,False
ku500892,1.0,1,False
ku500891,1.0,1,False
ku550577,1.0,1,False
wp40,1.0,17,False
wp41,1.0,2,False
wp42,1.0,17,False
4-2-2,1.0,2,False
4-3-2,1.0,3,False
4-3-3,1.0,2,False
4-4-2,1.0,3,False
4-5-3,1.0,4,False
4-4-6,0.8,5,False
4-10-4,0.75,4,False
respectively,1.0,4,False
grew,2.0,3,False
best,1.0,2,False
either,1.0,1,False
pda,1.0,6,False
but,1.0,12,False
not,1.0,15,False
indicated,1.0,5,False
size,1.0,1,False
after,1.0,2,False
table,1.0,2,False
colonies,1.0,1,False
reached,1.0,1,False
maximum,1.0,1,False
diameter,1.0,1,False
before,1.0,1,False
undergoing,1.0,1,False
confluent,1.0,1,False
spp,0.6666666666666667,3,False
rapidly,1.0,1,False
whereas,1.0,1,False
rhodotorula,1.0,2,False
rahnella,1.0,2,False
aquatilis,1.0,3,False
appeared,0.5,2,False
prefer,0.5,2,False
produced,2.0,8,False
diffusible,1.0,1,False
pigment,1.0,1,False
data,0.5,2,False
four,1.0,1,False
none,1.0,3,False
active,1.0,1,False
when,1.0,1,True
grown,2.0,3,False
however,1.0,3,False
eight,1.0,1,False
gave,1.0,1,False
quantifiable,1.0,1,False
contrast,1.0,1,False
showed,1.0,9,False
general,1.0,1,False
responsive,1.0,1,False
than,1.0,2,False
plate,0.9166666666666666,12,False
figure,1.0,13,False
in-vitro,1.0,2,False
reference,1.0,2,False
rapid,1.0,3,False
assays,1.0,9,False
detect,1.0,3,False
lipopeptides,2.0,2,False
volatile,1.0,5,False
inhibitory,1.0,5,False
detected,1.0,3,False
droplets,1.0,2,False
whole-cell,1.0,2,False
cultures,1.0,2,False
supernatant,1.0,2,False
exhibited,1.0,2,False
pronounced,1.0,2,False
spreading,1.0,2,False
flattening,1.0,2,False
evidence,1.0,4,False
amg,0.0,1,False
controlmg,0.0,1,False
l34,0.0,1,False
a31,0.0,1,False
awp,0.0,1,False
4-3-2mg,0.0,1,False
2preferred,1.0,1,False
3radius,1.0,1,False
ag8,1.0,1,False
i-plates,1.0,1,False
experiments,0.25,4,False
synthesis,2.0,6,False
seems,1.0,4,False
common,1.0,3,False
feature,2.0,4,False
annotation,1.0,6,False
revealed,1.0,3,False
presence,1.0,4,False
chitinase,1.0,3,False
secreted,1.0,3,False
protein,1.0,8,False
annotated,1.0,3,False
chitin,1.0,3,False
deacetylase,1.0,3,False
which,1.0,9,False
may,1.0,5,False
play,1.0,3,False
role,1.0,3,False
graphical,1.0,3,False
representation,1.0,3,False
ocf,1.0,3,False
cluster,2.0,5,False
[locus,1.0,6,False
tags,1.0,6,False
ex20draft_04106,1.0,3,False
ambr1,1.0,6,False
–04091,1.0,3,False
ocfn,1.0,6,False
ga0008008_11691,1.0,3,False
–116106,1.0,3,False
right,1.0,1,False
pane,1.0,1,False
shows,1.0,1,False
domain,1.0,1,False
alignment,2.0,4,False
putative,1.0,4,False
biosynthetic,2.0,4,False
genes,2.0,8,False
locus,1.0,9,False
tag,1.0,8,False
ga0008008_101290–101292,1.0,4,False
ex20draft_00138–00140,1.0,4,False
hcna,1.0,8,False
pf-5,1.0,4,False
conserved,1.0,4,False
amino,1.0,4,False
residues,1.0,4,False
fe-s,1.0,4,False
binding,1.0,4,False
sites,1.0,4,False
adp-binding,1.0,4,False
motif,1.0,4,False
hcnb,1.0,4,False
hcnc,1.0,4,False
important,1.0,4,False
synthases,1.0,4,False
function,1.0,4,False
laville,1.0,4,False
1998,1.0,4,False
ryall,1.0,4,False
are,1.0,6,False
black,1.0,4,False
triangles,1.0,4,False
amount,1.0,4,False
supplemented,1.0,3,False
l-tryptophan,1.0,4,False
varied,1.0,4,False
between,1.0,5,False
generally,1.0,3,False
along,1.0,3,False
lines,1.0,3,False
oth,0.0,1,False
wp4-4-6,0.0,1,False
performing,1.0,1,False
scored,1.0,1,False
psi,1.0,1,False
some,1.0,1,False
relatively,1.0,1,False
inconspicuous,1.0,1,False
interesting,1.0,1,False
non-canonical,1.0,2,False
encodes,1.0,2,False
biosynthesis,2.0,2,False
compared,1.0,1,False
present,1.0,1,False
core,1.0,1,False
lacks,1.0,1,False
n-acetyltransferase,1.0,1,False
coding,1.0,1,False
sequence,1.0,1,False
orbk,1.0,1,False
essential,1.0,1,False
ornibactins,1.0,1,False
franke,1.0,1,False
interestingly,1.0,1,False
arrangement,1.0,1,False
has,1.0,4,False
never,1.0,1,False
unique,1.0,1,False
sitive,1.0,2,False
-4-2,1.0,1,False
among,1.0,1,False
2016,1.0,1,False
ten,1.0,1,False
here,1.0,1,False
these,1.0,1,True
then,1.0,1,True
additional,1.0,1,False
irrespective,1.0,1,False
types,1.0,1,False
robustly,1.0,1,False
might,1.0,1,False
synthesized,2.0,1,False
detectable,1.0,1,False
levels,1.0,5,False
away,1.0,1,False
fungus,1.0,1,False
cpl,1.0,2,False
did,1.0,2,False
show,1.0,3,False
any,1.0,2,False
effect,2.0,2,False
dual,1.0,5,False
effects,1.0,2,False
negative,1.0,3,False
secretion,2.0,2,False
suppression,1.0,2,False
hcnabc,1.0,1,False
vocs,1.0,1,False
like,1.0,1,False
genomes,2.0,5,False
corroborates,1.0,1,False
results,1.0,5,False
possible,1.0,1,False
colorimetric,1.0,1,False
method,1.0,1,False
quantify,1.0,1,False
sensitive,1.0,1,False
enough,1.0,1,False
low,1.0,2,False
similar,1.0,2,False
findings,1.0,1,False
reported,1.0,3,False
variety,1.0,1,False
shi,1.0,1,False
videira,1.0,1,False
commonly,1.0,1,False
available,1.0,1,False
exudates,1.0,1,False
kamilova,0.5,2,False
hardoim,1.0,1,False
2009b,0.5,2,False
auxin,2.0,3,False
producing,1.0,3,False
highest,1.0,1,False
another,1.0,1,False
wpb,1.0,1,False
included,1.0,1,False
stimulated,2.0,1,False
root,2.0,1,False
72%,1.0,1,False
therefore,1.0,1,False
even,1.0,1,False
conditions,1.0,2,False
vivo,1.0,1,False
strong,1.0,1,False
impact,1.0,1,False
wp4-3-1,1.0,1,False
moderate,1.0,1,False
level,1.0,2,False
uce,1.0,1,False
phytohormone,1.0,3,False
found,1.0,1,False
product,2.0,2,False
ara,1.0,7,False
although,1.0,2,False
considered,1.0,2,False
“universal,1.0,2,False
often,1.0,2,False
case,1.0,2,False
set,1.0,2,False
does,1.0,2,False
amplify,1.0,2,False
diazotrophic,1.0,2,False
discrepancy,1.0,2,False
relationship,1.0,2,False
profiles,1.0,2,False
deslippe,1.0,2,False
patra,1.0,2,False
future,1.0,2,False
would,1.0,3,False
favorable,1.0,1,False
n-fixing,1.0,1,False
supports,1.0,2,False
hypothesis,1.0,2,False
pqq,2.0,2,False
operon,2.0,2,False
involved,1.0,2,False
tryptophan-2-monooxygenase,1.0,2,False
acc,2.0,3,False
deaminase,1.0,3,False
modulation,1.0,2,False
expression,1.0,3,False
pqqabcde,1.0,3,False
stimulates,2.0,3,False
gluconic,2.0,3,False
solubilizes,1.0,3,False
insoluble,1.0,3,False
phosphates,1.0,3,False
richardson,1.0,3,False
oteino,1.0,3,False
claimed,1.0,1,False
help,1.0,1,False
mitigate,1.0,1,False
biotic,1.0,1,False
abiotic,1.0,1,False
stresses,1.0,1,False
lowering,1.0,1,False
ethylene,1.0,1,False
otherwise,1.0,1,False
interfere,1.0,1,False
physiological,1.0,1,False
processes,1.0,1,False
eventually,1.0,1,False
damage,1.0,1,False
entire,1.0,1,False
body,1.0,1,False
glick,1.0,1,False
utilization,1.0,1,False
microbial,1.0,1,False
symbionts,1.0,1,False
crop,1.0,1,False
cultivation,1.0,1,False
offers,1.0,1,False
ecologically,1.0,1,False
sound,1.0,1,False
sustainable,1.0,1,False
farming,1.0,1,False
designed,0.0,1,False
slk,0.0,7,False
med,0.0,1,False
pmj,0.0,5,False
shk,0.0,2,False
contributed,0.0,1,False
reagents,0.0,1,False
tools,0.0,2,False
rials,0.0,1,False
wrote,0.0,1,False
paper,0.0,1,False
